name,rating,Top_Sell_Rank,Popularity_Rank
 Máy tính bảng Oppo Pad Air (4GB/64GB) - Hàng Chính Hãng,5.0,69,226
"(Hàng chính hãng) Điện thoại bàn hữu tuyến H2P, hiệu Alcatel - Lucent",,202,226
"Apple iPad 10.2-inch (9th Gen) Wi-Fi, 2021",5.0,5,226
"Apple iPad Pro 11-inch M2 Wi-Fi, 2022",5.0,18,226
Apple iPhone 11,5.0,1,226
Apple iPhone 12,5.0,6,226
Apple iPhone 13,5.0,4,226
Apple iPhone 14 Plus,5.0,16,226
Apple iPhone 15,5.0,15,226
Apple iPhone 15 Plus,5.0,27,226
Apple iPhone 15 Pro Max,5.0,11,226
Cisco Unified IP Phone 7962G - Hàng chính hãng,,259,226
Cisco Unified IP Phone CP-7821-K9 - Hàng chính hãng,,259,226
Combo Máy đọc sách All New Kindle Paperwhite 5 (11th Gen) và Bao da - Hàng nhập khẩu,5.0,13,226
Combo Máy đọc sách All New Kindle Paperwhite 5 (11th) KIDS EDITTION (KHÔNG QUẢNG CÁO) và Bao da - Hàng chính hãng,5.0,199,226
"Combo Máy đọc sách Kindle Scribe kèm bút – thế hệ đầu tiên có thể đọc và viết, màn hình 10,2” 300PPI, đèn vàng warmlight, bộ nhớ 16-64GB, đồng bộ dữ liệu qua Microsoft Word - hàng nhập khẩu",,304,226
Combo máy đọc sách Kindle 2022 (11th) tặng kèm bao da ( Cover ) - Hàng nhập khẩu,5.0,35,226
Combo máy đọc sách Kindle Paperwhite 5 (11th gen) tặng kèm bao da ( Cover ) - Hàng nhập khẩu,5.0,12,226
Máy Tính Bảng Galaxy Tab A8 4GB | 64GB - Hàng Chính Hãng,,231,226
"Máy Tính Bảng Học Tập Smart Study 1, Hàng Chính Hãng, Cho Trẻ Từ 5-12 Tuổi, 64GB, Tích Hợp Chương Trình Học Tập Toàn Diện",,364,226
Máy Tính Bảng Masstel Tab 10A 3GB/32GB - Hàng Chính Hãng,5.0,214,226
Máy Tính Bảng OPPO Pad Air (4GB/64GB) | Màn Hình 2K 1 tỷ Màu | Chip Snapdragon 680 | Hàng Chính Hãng,5.0,192,226
Máy Tính Bảng Samsung Galaxy Tab A7 3GB/64GB - Hàng Chính Hãng,5.0,282,226
Máy Tính Bảng Samsung Galaxy Tab A7 Lite T225 3GB/32GB - Hàng Chính Hãng,5.0,195,226
Máy Tính Bảng Samsung Galaxy Tab A8 - Hàng Chính Hãng,,364,226
Máy Tính Bảng Samsung Galaxy Tab A8 4GB/64GB - Hàng Chính Hãng,5.0,221,226
Máy Tính Bảng Samsung Galaxy Tab A9 Plus Wifi 4GB/64GB - Hàng Chính Hãng,5.0,158,226
Máy tính bảng Edutab 10.1 Pro & Case da tặng Hệ thống quản lý học tập & kiểm soát dành cho Phụ huynh trọn đời,,364,226
Máy tính bảng Fire HD 10 Plus 2021 thế hệ 11th,5.0,49,226
"Máy tính bảng Fire HD10 2021 - 11th - (All New Fire HD10 - 2021) - Ram 3/4GB, bộ nhớ 32GB, màn hình 1080 FullHD",5.0,166,226
Máy tính bảng HANET Smart Edu Tablet Model T432 - Hàng Chính Hãng,,304,226
Máy tính bảng Kindle File HD 8 (10th generation - 2020) Hàng nhập khẩu,5.0,65,226
Máy tính bảng Kindle Fire HD10 2023 13th - 32Gb - Hàng chính hãng,,364,226
"Máy tính bảng Masstel Kidzone dành cho bé - quản lý thời gian cho bé - bé học tốt, hiệu quả cao - 1 đổi 1 trong 100 ngày - Hàng chính hãng",,364,226
Máy tính bảng Masstel Tab 10.4 - Hàng chính hãng,,275,226
"Máy tính bảng Masstel Tab 10.4"" (4GB/64GB) - Hàng chính hãng - ĐÃ KÍCH HOẠT BẢO HÀNH ĐIỆN TỬ",5.0,52,226
Máy tính bảng Masstel tab 10.1 pro - Hàng chính hãng,,304,226
"Máy tính bảng OUKITEL RT2 chắc chắn (chống nước,chống va đập ,pin xài lâu,Pin  20.000Mah, Màn hình  10,1 inch,Ram 8GB,Rom  128 GB, lõi tám nhân,Máy ảnh 16MP,Android 12,sạc nhanh 33W)- hàng chính hãng",,364,226
"Máy tính bảng Oukitel RT1 - hàng chính hãng  (chống nước,chống va đập , pin khủng,pin 10.000mAh,màn hình 10,1 inch,Ram 4Gb,Rom 64Gb,tám nhân,học online)",,364,226
Máy tính bảng Samsung Galaxy Tab A7 Lite 32GB Xám - Hàng Chính Hãng,5.0,304,226
Máy tính bảng Samsung Galaxy Tab A7 Lite LTE SM-T225 - Hàng Chính Hãng,5.0,153,226
Máy tính bảng Samsung Galaxy Tab A7 Lite LTE SM-T225 - Hàng Chính Hãng ,,364,226
Máy tính bảng Samsung Galaxy Tab A7 Lite LTE SM-T225) - ĐÃ KÍCH HOẠT ĐIỆN TỬ - Hàng Chính Hãng,5.0,176,226
Máy tính bảng Samsung Galaxy Tab A8  (2022) - Hàng chính hãng - ĐÃ KÍCH HOẠT BẢO HÀNH ĐIỆN TỬ,5.0,77,226
Máy tính bảng Samsung Galaxy Tab A8 (4GB/64GB) - Hàng Chính Hãng,5.0,244,2
Máy tính bảng Samsung Galaxy Tab A8 64GB Xám (2022) - Hàng Chính Hãng,,364,226
Máy tính bảng Samsung Galaxy Tab A9 WIFI 4GB-64GB- Hàng chính hãng,,364,226
Máy tính bảng VANKYO MatrixPad S30 - Hàng Chính Hãng,5.0,168,226
Máy tính bảng VNPT Technology VNT Tab8 Plus 8 Inch Android 11 RAM 4GB - Hàng chính hãng,5.0,140,226
Máy tính bảng Vankyo MatrixPad Z10 - Hàng Chính Hãng,5.0,131,226
Máy tính bảng Xelex Gama Tab X8 EDU (Hàng chính hãng),,364,226
Máy tính bảng Xiaomi Pad 6 (8GB/128GB) -  Hàng chính hãng - Đã kích hoạt bảo hành điện tử,5.0,175,226
"Máy tính bảng chắc chắn Oukitel RT7(Chống va đập,Màn hình 10.1"" FHD+,Pin 32000mAh ,Ram 24GB,Rom 256GB, Android 13,Camera sau 48MP, tầm nhìn ban đêm 20MP,camera trước 32MP,5G) – hàng chính hãng",,304,226
"Máy tính bảng chắc chắn Ulefone Armor Pad 2(màn hình 11"" ,2K, pin 18600 mAh, IP68/IP69K, Android 13, NFC ,GPS, 4G, Ram 16GB(8gb+8gb),rom 256GB)- hàng chính hãng",,155,226
"Máy tính bảng chắc chắn oukitel RT3 (chống nước,chống va đập,Ram 4Gb,Rom 64 Gb,màn hình 8 inch,pin 5150 mAh)- hÀng chính hãng",,364,226
"Máy tính bảng chắc chắn oukitel RT5 (chống nước,chống va đập,pin 11.000mAh,Màn hình 10.1 inch FHD, Ram 14Gb,Rom 256Gb, CPU : Mediatek 8788,lõi 8, lên đến 2.0 GHz, Camera Trước,sau 16 MP, Android 13)- hàng chính hãng",,259,226
"Máy tính bảng học tập giá rẻ Edutab 10.1 cho bé từ 5-8 tuổi, màn hình full HD 64GB, bao da, kính dán cường lực, hàng chính hãng",,364,226
"Máy tính bảng học tập thông minh Edutab Pro 10.4 inch tối ưu cho trẻ 9-12 tuổi, 64GB, tích hợp ứng dụng học tập - Hàng nhập khẩu",,364,226
Máy tính bảng quản lý thời gian sử dụng dành cho trẻ em Masstel Kidzone-1 đổi 1 trong vòng 100 ngày,5.0,165,226
"Máy tính bảng siêu bền Oukitel RT6 (chống nước,chống va đập,pin 20000mAh,Ram 16Gb(8GB+8Gb),Rom 256GB,Màn hình 10.1"" ,FHD,Android 13,CPU MTK8788 ,Camera 16MP,sạc nhanh 33W)-hàng chính hãng",,364,226
Máy tỉnh bảng Samsung Galaxy Tab A8 -Hàng chính hãng,,150,226
Máy Đọc Sách BOOX Tab Mini C - Hàng Chính Hãng,5.0,195,226
Máy Đọc Sách Kindle Oasis (10th Gen) 2019- 8GB - Hàng Chính Hãng,5.0,238,226
Máy Đọc Sách Kobo Forma - bản 8GB- Hàng Nhập Khẩu,5.0,164,226
Máy Đọc Sách Likebook P10 - Hàng chính hãng,5.0,206,226
Máy đọc sách All New Kindle Oasis 3 - Hàng nhập khẩu,5.0,56,226
Máy đọc sách All New Kindle Paperwhite 5 (11th Gen) - Hàng chính hãng,5.0,14,226
Máy đọc sách All New Kindle Paperwhite 5 (11th Gen) - Hàng nhập khẩu,5.0,7,226
Máy đọc sách All new Paperwhite Gen 5 (11th) màn hình 6.8 inch có đèn vàng warmlight,,364,226
Máy đọc sách Boox Palma - Hàng Chính Hãng,5.0,106,226
"Máy đọc sách Kindle 2022 (11th) - All new kindle 2022 11th màn hình 6inch 300PPI gấp 2 lần độ sắc nét, 16GB bộ nhớ trong với cổng kết nối USB-C - Hàng nhập khẩu",5.0,54,226
Máy đọc sách Kindle Oasis 3 (2019) - Amazon - Hàng nhập khẩu,5.0,72,226
Máy đọc sách Kindle Oasis 3 10th - Hàng nhập khẩu,,364,226
Máy đọc sách Kindle Oasis Edition 3 (8GB) - Hàng chính hãng,5.0,176,226
Máy đọc sách Kindle Paperwhite 5 (8GB) - Hàng chính hãng,5.0,195,226
Máy đọc sách Kindle Scribe - Hàng chính hãng,,275,226
Máy đọc sách Kobo Clara - Hàng Chính Hãng,5.0,67,226
"Máy đọc sách Kobo Clara HD 8GB đen, 6 inch, có đèn cam - Hàng nhập khẩu",5.0,82,226
Máy đọc sách Kobo Elipsa - Hàng nhập khẩu,5.0,282,226
Máy đọc sách Kobo Libra 2 - hàng nhập khẩu,5.0,98,226
"Máy đọc sách Kobo Libra H20 8GB Trắng/Đen có đèn nền vàng, chống nước - Hàng nhập khẩu",5.0,129,226
Máy đọc sách Kobo Nia - Hàng nhập khẩu,,259,226
Máy đọc sách Kobo Sage - hàng nhập khẩu,5.0,96,226
Máy đọc sách New Kindle 11th 2022 (16GB) - Hàng nhập khẩu,5.0,66,226
Máy đọc sách Onyx Boox Nova Air - Hàng chính hãng,5.0,304,226
Nokia 5710 XpressAudio | Hàng Chính Hãng,5.0,248,226
"Oukitel wp30 Pro 5g SIÊU BỀN (sạc nhanh 120W ,pin 11000 mAh,màn hình 6.78 inch,Ram 24 GB(12gb + 12GB),Rom 512GB ,120Hz ,Android 13,camera 108mp)- hàng chính hãng",,364,226
Paperwhite 5 (11th-generation) - 2021 - Hàng Nhập Khẩu,5.0,131,226
Samsung Galaxy A34 5G A346E (8+128G) Silver Bạc - Hàng Chính Hãng (chỉ giao HN và một số khu vực),,133,226
Tay con điện thoại bàn Panasonic TGDA30-hàng chính hãng,,94,226
"Ulefone Armor X 5 ( chống nước,chống va đập,pin 5.000mAh ) hàng chính hãng",5.0,30,226
XIAOMI 13T 5G (12GB-256GB) - Hàng chính hãng,5.0,264,226
Yealink W73P - Điện thoại IP cầm tay không dây DECT - Hàng Chính Hãng - Điện thoại IP mẹ bồng con,,89,226
"[HCM]Ốp Lưng IPHONE Cường Lực Trong Suốt Cao Cấp Cho Dòng Iphone 14/14Pro/14Plus/14 Pro Max, Iphone 13Mini/13Pro/13ProMax, Iphone 12/12Pro/12Promax, Iphone 11/11Pro/11ProMax- Hàng nhập khẩu",,88,226
[MỚI] Điện thoại vivo Y17s - Hàng chính hãng - Camera 50MP - Pin 5000 mAh - Sạc nhanh- RAM mở rộng đến 8GB,5.0,231,226
"[Mới] Điện thoại vivo V29e 5G (8GB/256GB) - Hàng Chính Hãng - Camera Selfie 50 MP - Vòng Sáng Aura 2.0 - Màn hình AMOLED 6.67""",4.0,282,226
ĐIỆN THOẠI HỘI NGHỊ YEALINK CP960 -HÀNG CHÍNH HÃNG,,248,226
ĐIỆN THOẠI MASSTEL IZI 30 4G-LTE-HÀNG CHÍNH HÃNG,,364,226
ĐIỆN THOẠI MASSTEL IZI 55 4G-HÀNG CHÍNH HÃNG,,229,226
ĐIỆN THOẠI MASSTEL LUX 20-4G  HÀNG CHÍNH HÃNG,,282,226
"ĐIỆN THOẠI TÂN CỔ ĐIỂN DT14 bàn phím quay chuông quả, dùng cáp điện thoại cố định nghe gọi âm thanh rõ ràng (điện thoại bàn tân cổ điển)",5.0,193,226
"ĐIỆN THOẠI TÂN CỔ ĐIỂN DT16 bàn phím quay chuông thanh, dùng được nghe gọi âm thanh rõ ràng. Điện thoại để bàn tân cổ điển- Điện thoại bàn chất liệu gỗ để trang trí",,304,226
Điện thoại Samsung Galaxy A15 (8GB/128GB) - Hàng chính hãng - Đã kích hoạt bảo hành điện tử,5.0,264,226
Điện thoại bàn màu đỏ KXT438,5.0,64,226
Điện Thoại  Dành Cho Người Già Masstel Fami 12 Phiên bản mới hỗ trợ đèn Pin siêu sáng- Hàng Chính Hãng - Màu đen,,264,226
Điện Thoại 4G Masstel Lux 10 - 2 Sim 2 Sóng - Sóng 4G HD Call - Loa To Rõ - Pin Bền - Hàng Chính Hãng - Bảo Hành 12 Tháng,,364,226
Điện Thoại 4G Masstel Lux 20 - 2 Sim 2 Sóng - Sóng 4G Hd Call - Loa To Rõ - Hàng Chính Hãng - Bảo Hành 12 Tháng,,364,226
Điện Thoại Bàn Cố Định Không Dây Lắp Sim,5.0,25,226
Điện Thoại Bàn Homephone lắp sim - Lắp Tất Cả Các Sim Đi Động - Di Chuyển Mang Đi Khắp Nơi - Hàng Chính Hãng,5.0,59,226
Điện Thoại Bàn Panasonic KX-TS500 - Hàng Chính Hãng,5.0,19,226
Điện Thoại Bàn Panasonic KX-TS500MX - Panasonic KX-TS500MX Integrated Telephone System - Hàng chính hãng,5.0,41,226
Điện Thoại Bàn Panasonic KX-TSC11 - Hàng Chính Hãng,5.0,17,2
Điện Thoại Bàn Panasonic KXTGF320CX - Hàng Chính Hãng,5.0,142,226
Điện Thoại Bàn Panasonic KXTS 520 - Hàng Chính Hãng,5.0,47,226
"Điện Thoại Cho Người Già Masstel Fami 65 - SOS, Loa To, FM Không Dây, Đọc Số Bằng Giọng Nói, Xem Lịch Âm - HÀNG CHÍNH HÃNG",,364,226
"Điện Thoại Cho Người Già Masstel Fami 12 4G - Viền Kim Loại, Ăng Ten FM Không Dây - Hàng Chính Hãng",5.0,206,226
Điện Thoại Cho Người Già Masstel Fami 12 4G-hỗ trợ 4g-chữ to dành cho người già(Hàng Chính Hãng),,282,226
"Điện Thoại Chắc Chắn OUKITEL WP23 PRO ( Ram 16Gb(8GB+8Gb),Rom 128GB ,Android13, Pin 10600mAh,Màn hình 6.52 ""HD + ,13MP camera Sau,chống nước,chống va đập)-hàng chính hãng",,155,226
Điện Thoại Cố Định Panasonic KX-TS580MX - Hàng chính hãng,5.0,84,226
Điện Thoại Di Động Forme D111 4G - Hàng Chính Hãng,5.0,304,226
Điện Thoại Di Động Forme D666 4G - Hàng Chính Hãng,,364,226
Điện Thoại Di Động Forme D888 4G - Hàng Chính Hãng,,364,226
Điện Thoại Di Động Forme D999 4G - Hàng Chính Hãng,,364,226
Điện Thoại Forme D888 - Hàng Chính Hãng,,275,226
Điện Thoại IP Phone Fanvil X1S - Hàng Chính Hãng,5.0,282,226
Điện Thoại Itel S23 128GB/16GB (8GB+8GB) | Pin 5000mAh | 6.6 Inch | Camera 50MP | 90Hz | Face ID - Hàng chính Hãng,5.0,71,226
Điện Thoại Masstel Fami 12 4G - Hàng Chính Hãng,,137,226
Điện Thoại Masstel Fami 12 4G LTE - 2 Sim- Pin 1400 mAh - Đọc số bằng giọng nói - Hàng Chính Hãng - Bảo Hành 12 Tháng,,304,226
Điện Thoại Masstel Fami 60 4G LTE - Pin 2000 mAh - Chức Năng SOS - Hàng Chính Hãng - Bảo Hành 12 tháng,,364,226
Điện Thoại Masstel Hapi 30 3GB/32GB - Hàng Chính Hãng,5.0,206,226
Điện Thoại Masstel IZI 55 4G LTE - 2 Sim 2 Sóng - Pin 1800 mAh - Hàng Chính Hãng - Bảo Hành 12 Tháng,,364,226
Điện Thoại Masstel Izi 20 4G LTE - 2 sim -Pin 1700 mAh - Loa To - Camera 0.08 MP -  Hàng Chính Hãng -  Bảo Hành 12 Tháng,,364,226
Điện Thoại Masstel Lux 10 4G - Hàng Chính Hãng,,137,226
Điện Thoại Masstel iZi 11 4G - Hàng Chính Hãng,,364,226
Điện Thoại Masstel iZi 26 4G - Hàng Chính Hãng,,137,226
"Điện Thoại Người Già Masstel Fami 60 4G - Loa To, FM Không Dây, Đọc Số Bằng Giọng Nói, SOS, Đèn Pin Kép,... Hàng Chính Hãng",5.0,76,226
Điện Thoại Nokia 105 4G Pro - Hàng Chính Hãng,,364,226
Điện Thoại Nokia 105 4G Pro TA-1538 - Hàng Chính Hãng,5.0,26,226
Điện Thoại Nokia 110 4G - Hàng Chính Hãng,5.0,122,226
Điện Thoại Nokia 110 4G Pro - Hàng Chính Hãng,4.0,248,226
Điện Thoại Nokia C30 (2GB/32GB) - Hàng Chính Hãng,5.0,8,226
Điện Thoại Nokia C30 2GB/32GB - Hàng Chính Hãng,,304,226
Điện Thoại OPPO A17K (3GB/64GB) - Hàng Chính Hãng,5.0,304,226
Điện Thoại OPPO A57 (4GB/64GB) - Hàng Chính Hãng ,,275,226
Điện Thoại Oppo A17k (3GB/64GB) - Hàng Chính Hãng,5.0,2,226
Điện Thoại Oppo A17k 3GB/64GB - Hàng Chính Hãng,,125,226
Điện Thoại Oppo A18 (4GB/128GB) - Hàng Chính Hãng,5.0,47,226
Điện Thoại Oppo A18 4GB/128GB - Hàng Chính Hãng,,364,226
Điện Thoại Oppo A18 4GB/64GB - Hàng Chính Hãng,5.0,282,226
Điện Thoại Oppo A57 4GB/128GB - Hàng Chính Hãng,5.0,44,226
Điện Thoại Oppo A57 4GB/64GB - Hàng Chính Hãng,,364,226
Điện Thoại Oppo A58 6GB/128GB - Hàng Chính Hãng,5.0,231,226
Điện Thoại Oppo A58 6GB/128GB - Hàng Chính Hãng ,5.0,86,226
Điện Thoại Oppo A78 8GB/256GB - Hàng Chính Hãng ,5.0,116,226
Điện Thoại Oppo Reno 10 5G (8GB/128GB) - Hàng Chính Hãng,5.0,189,226
Điện Thoại Oppo Reno 10 5G (8GB/256GB) - Hàng Chính Hãng,5.0,86,226
Điện Thoại Oppo Reno 8T 4G (8GB/256GB) - Hàng Chính Hãng,5.0,231,226
Điện Thoại POCO C65 (8GB/256GB) - Hàng Chính Hãng,5.0,21,226
Điện Thoại Realme C51 3GB/64GB - Hàng Chính Hãng,,364,226
Điện Thoại Realme C55 6GB/128GB - Hàng Chính Hãng,5.0,221,226
Điện Thoại Samsung A04 3GB/32GB - Hàng Chính Hãng,5.0,63,226
Điện Thoại Samsung A04e 3GB/32GB - Hàng Chính Hãng,,364,226
Điện Thoại Samsung A04s 4GB/64GB - Hàng Chính Hãng,5.0,45,226
Điện Thoại Samsung A05 4GB/64GB - Hàng Chính Hãng,,304,226
"Điện Thoại Samsung A05s 4GB/128GB , Snapdragon 680 , Sạc nhanh 25W - Hàng Chính Hãng",,300,226
Điện Thoại Samsung A05s 4GB/128GB - Hàng Chính Hãng,5.0,81,226
Điện Thoại Samsung A14 4GB/128GB - Hàng Chính Hãng,5.0,180,226
Điện Thoại Samsung A15 8GB/128GB - Hàng Chính Hãng,5.0,264,226
Điện Thoại Samsung A34 5G 8GB/128GB - Hàng Chính Hãng,5.0,98,226
Điện Thoại Samsung Galaxy A04 (3GB/32GB) - Hàng Chính Hãng - Đã kích hoạt bảo hành điện tử,5.0,79,226
Điện Thoại Samsung Galaxy A04e - Hàng Chính Hãng,,275,226
Điện Thoại Samsung Galaxy A04s (4GB/64GB) - Hàng Chính Hãng - Đã kích hoạt bảo hành điện tử,5.0,40,226
Điện Thoại Samsung Galaxy A05 (4GB/64GB) - Hàng Chính Hãng,,364,226
Điện Thoại Samsung Galaxy A05 (6GB/128GB) - Hàng Chính Hãng,5.0,304,226
Điện Thoại Samsung Galaxy A14 (4GB/128GB) - Hàng Chính Hãng,5.0,282,226
Điện Thoại Samsung Galaxy A14 (6GB/128GB) - Hàng Chính Hãng,5.0,282,226
Điện Thoại Samsung Galaxy A14 5G (4GB/128GB) - Hàng Chính hãng,5.0,282,226
Điện Thoại Samsung Galaxy A15 LTE (8GB/128GB)- Đã Kích Hoạt Bảo Hành Điện tử - Hàng Chính Hãng,5.0,114,226
Điện Thoại Samsung Galaxy A24 (6GB/128GB) - Hàng Chính Hãng,5.0,304,226
Điện Thoại Samsung Galaxy A34 5G (8GB/128GB) ĐKH -  Hàng Chính Hãng,,133,226
Điện Thoại Samsung Galaxy A34 5G - Hàng Chính Hãng,5.0,304,226
Điện Thoại Samsung Galaxy M14 5G (4GB/128GB) - Hàng Chính Hãng,,364,226
Điện Thoại Samsung Galaxy M14 5G (6GB/128GB) - Hàng Chính Hãng,,364,226
Điện Thoại Samsung Galaxy M14 5G - Hàng Chính Hãng,,282,226
Điện Thoại Samsung Galaxy M34 5G 8GB-128GB - Hàng chính hãng,,364,226
Điện Thoại Samsung Galaxy S20 FE - Hàng Chính Hãng,5.0,195,226
Điện Thoại Samsung Galaxy S20 FE 256GB | 8GB - Hàng Chính Hãng ,5.0,176,226
Điện Thoại Samsung Galaxy S23+ 5G - Hàng Chính Hãng,,364,226
Điện Thoại Samsung Galaxy S24 Ultra (12GB/256GB) - Hàng Chính Hãng,,364,226
Điện Thoại Samsung Galaxy Z Flip5 5G - Hàng Chính Hãng - Đã kích hoạt bảo hành điện tử,,364,226
Điện Thoại Samsung M14 5G 4GB/64GB - Hàng Chính Hãng,,364,226
Điện Thoại Samsung M14 5G 6GB/128GB - Hàng Chính Hãng,5.0,304,226
Điện Thoại Suntek Voga V1 - Hàng Chính Hãng,,282,226
Điện Thoại TCL 408 (4GB/128GB) - Hàng Chính Hãng,4.0,220,226
Điện Thoại TCL 40SE (4GB/128GB) - Hàng Chính Hãng,,244,226
Điện Thoại TCL 40SE (6GB/256GB) - Hàng Chính Hãng,5.0,238,226
Điện Thoại Tecno Spark 6 Go 4GB/64GB - Hàng Chính Hãng,5.0,78,226
Điện Thoại Vivo T1x 4GB/64GB - Hàng Chính Hãng,,282,226
Điện Thoại Vivo V25 5G 2022 (8GB/128GB) - Hàng Chính Hãng,5.0,221,226
Điện Thoại Vivo V25e 2022 (8GB/128GB) - Hàng Chính Hãng,5.0,282,226
Điện Thoại Vivo Y35 (8GB/128GB) - Hàng Chính Hãng,5.0,304,226
Điện Thoại Vsmart Bee Lite 2GB/16GB - Hàng Chính Hãng,5.0,42,226
Điện Thoại Xiaomi POCO X6 5G 8GB-256GB - Hàng chính hãng,,364,226
Điện Thoại Xiaomi Redmi 10 4GB/128GB - Hàng Chính Hãng,5.0,31,226
Điện Thoại Xiaomi Redmi 12C 4GB/64GB - Hàng Chính Hãng,5.0,171,226
Điện Thoại Xiaomi Redmi 13C 6GB/128GB - Hàng Chính Hãng,5.0,159,226
Điện Thoại Xiaomi Redmi 9A (2GB/32GB)- Đã kích hoạt bảo hành điện tử- Hàng Chính Hãng - Granite Gray,,181,226
Điện Thoại Xiaomi Redmi 9A (2GB/32GB)- Đã kích hoạt bảo hành điện tử- Hàng Chính Hãng - Peacock Green,5.0,160,226
Điện Thoại Xiaomi Redmi 9A (2GB/32GB)- Đã kích hoạt bảo hành điện tử- Hàng Chính Hãng - Sky Blue,5.0,188,226
Điện Thoại Xiaomi Redmi A1 2GB/32GB - Hàng Chính Hãng,5.0,181,226
Điện Thoại Xiaomi Redmi A2 2GB/32GB - Hàng Chính Hãng,,304,226
Điện Thoại Xiaomi Redmi A2+ 3GB/64GB - Hàng Chính Hãng,,364,226
Điện Thoại Xiaomi Redmi Note 12 4GB/128GB - Hàng Chính Hãng,5.0,32,226
Điện Thoại Xiaomi Redmi Note 12 Pro 5G 8GB/256GB - Hàng Chính Hãng,,364,226
Điện Thoại Xiaomi Redmi Note 12S (8GB/256GB) - Hàng Chính Hãng,5.0,304,226
Điện Thoại Xiaomi Redmi Note 12S 8GB/256GB - Hàng Chính Hãng,5.0,206,226
"Điện Thoại ulefone armor 21(Loa to 122dB Speaker ,pin 9600mAh,sạc nhanh 33W,Màn hình 6.58 in,camera chính 64MP,ban đêm 24MP,Ram 16Gb(8+8),rom 256Gb, điều khiển từ xa đa năng)- hàng chính hãng",,304,226
Điện Thoại Để Bàn Panasonic KX-TS500MX - Hàng Chính Hãng,5.0,50,226
"Điện thoại AI Samsung Galaxy S24 Ultra, Camera 200MP Zoom 100x, S Pen - Hàng Chính Hãng",5.0,73,226
"Điện thoại AI Samsung Galaxy S24+, Camera 50MP, Màn hình 6.7""- Hàng Chính Hãng",,244,226
"Điện thoại Bphone A60 (Ram 6Gb,Rom 128 Gb,màn hình đục lổ FHD 6.7inch , pin 5.000mAh ) - Hàng chính hãng",4.0,304,226
Điện thoại Gaming Nubia Neo | 18(8+10)GB/256GB | 6.6'' FHD+ 120Hz | Unisoc T820 | Sạc 22.5W | Hàng Chính Hãng,5.0,163,226
Điện thoại IP Grandstream GRP 2601 hàng chính hãng,,304,226
Điện thoại IP Grandstream GRP 2601P hàng chính hãng,,304,226
"Điện thoại ITEL A48 2GB/32GB , 6.1"" HD+ , Camera kép - Hàng Chính Hãng",5.0,57,226
Điện thoại Ip phone Cisco CP-7841-K9 chính hãng,,199,226
Điện thoại Ip phone Cisco CP-7945G chính hãng,,199,226
Điện thoại Itel it9010 4G - Hàng chính hãng,5.0,179,226
Điện thoại Itel it9200 4G - Hàng chính hãng,5.0,264,226
"Điện thoại Masstel FAMI 60 4G ,Pin 2000 mah ,cỡ chữ to rõ ràng,âm thanh lớn,màn hình to- Hàng chính hãng",,304,226
Điện thoại Masstel FAMI 60 4G Pin 2000 mah - Hàng chính hãng,5.0,60,226
Điện thoại Masstel Fami 60 - Hàng chính hãng ,,364,226
Điện thoại Masstel Fami 65 4G - Tặng dock sạc - Gọi HD Call - Hàng chính hãng,5.0,123,226
"Điện thoại Masstel Fami 8 4G(LTE) Gọi HD call , Bàn phím chữ số lớn,Loa to - Hàng chính hãng",,304,226
Điện thoại Masstel Hapi 30 4G Hàng Chính Hãng,1.0,304,226
Điện thoại Masstel IZI 11 4G - Hàng chính hãng,5.0,145,226
Điện thoại Masstel IZI 12 4G LTE - 2 Sim 2 Sóng - Pin 1000 mAh - Loa to - Hàng Chính Hãng - Bảo Hành 12 Tháng,,364,226
"Điện thoại Masstel IZI 20 4G , Pin 1700 mAh - Hàng chính hãng ",5.0,105,226
"Điện thoại Masstel IZI 20 4G - Hàng chính hãng, Nguyên Seal",5.0,221,226
"Điện thoại Masstel IZI 50 4G , Pin 1700 mah - Hàng chính hãng",5.0,136,226
"Điện thoại Masstel IZI 55 4G , Pin 1800mah - Hàng chính hãng",5.0,114,226
Điện thoại Masstel IZI 55 4G - Hàng chính hãng,5.0,221,226
Điện thoại Masstel IZI11 4G - Hàng Chính Hãng,,364,226
Điện thoại Masstel Izi 20 - Hàng chính hãng ,5.0,304,226
"Điện thoại Masstel Izi 25 4G Pin siêu khỏe, Gọi HD call- Hàng chính hãng",5.0,213,226
"Điện thoại Masstel Izi 56 4G (LTE) Gọi HD Call ,Pin khủng ,loa lớn - Hàng Chính Hãng",,212,226
Điện thoại Masstel Izi S1 4G (LTE) Gọi HD Call - Hàng chính hãng,,364,226
Điện thoại Masstel Lux 10 4G - Nhiều chức năng - Hàng chính hãng,5.0,248,226
Điện thoại Masstel Lux 10 4G - Sang trọng - Gọi HD Call - Hàng chính hãng,5.0,128,226
Điện thoại Masstel Lux 20 4G - Sang trọng - Gọi HD Call - Hàng chính hãng,5.0,107,226
"Điện thoại Masstel Lux 20 4G dành cho người lớn tuổi - Hàng chính hãng, Nguyên Seal",5.0,173,226
"Điện thoại Masstel Play 10 4G Thiết kế hầm hố,Khung viền kim loại - Hàng chính hãng",5.0,101,226
Điện thoại Masstel izi 26 - Hàng chính hãng ,,364,226
Điện thoại Masstel izi 26 4G - Gọi HD Call - Hàng chính hãng,5.0,146,226
Điện thoại Masstel izi 56 4G (pin trâu-loa chữ to rõ) - Hàng Chính Hãng,5.0,304,226
"Điện thoại Mobell F209 4G ,Loa to, Phím lớn - Hàng chính hãng",5.0,214,226
Điện thoại Mobell M239 - Hàng chính hãng,,364,226
Điện thoại Mobell M239 4G - 2 SIM - Hàng chính hãng,5.0,171,226
Điện thoại Mobell M539 4G - Màn hình lớn 2.8 inch - Hàng chính hãng,5.0,248,226
"Điện thoại Mobell Rock 4 4G , Pin 3250mah , Loa Siêu lớn - Hàng chính hãng",5.0,112,226
Điện thoại Nokia 105 4G - Hàng chính hãng,5.0,75,226
Điện thoại Nokia 105 4G Pro - Hàng chính hãng,,304,226
Điện thoại Nokia 110 4G - Hàng chính hãng,5.0,82,226
Điện thoại Nokia C20 (2GB/16GB) - Hàng Chính Hãng,5.0,38,226
Điện thoại Nokia C20 2GB/32GB Xanh - Hàng Chính Hãng,,364,226
Điện thoại Nokia C30 2GB/32GB - Hàng chính hãng,5.0,34,226
Điện thoại Nokia N110 4G - Hàng chính hãng,,282,226
Điện thoại OPPO A18 4GB-128GB - Hàng chính hãng,,364,226
Điện thoại OPPO A57 4GB/128GB Vàng - Hàng chính hãng,,133,226
Điện thoại OPPO A57 4GB/128GB Đen - Hàng chính hãng,5.0,304,226
Điện thoại OPPO A58 (6GB/128GB) - Hàng Chính Hãng,5.0,148,226
Điện thoại OPPO A58 6GB/128GB Xanh - Hàng chính hãng,,304,226
Điện thoại OPPO A58 6GB/128GB Đen - Hàng chính hãng,,304,226
Điện thoại OPPO A77 4GB+4GB/128GB - Sạc siêu nhanh 33W - Hàng nhập khẩu nhật - Bản quốc tế,5.0,206,226
Điện thoại OPPO A78 (8GB/256GB) - Hàng Chính Hãng,5.0,181,226
Điện thoại OPPO CPH2387 - A57 Xanh - Hàng Chính Hãng,,244,226
Điện thoại OPPO CPH2471 - A17k Vàng - Hàng Chính Hãng (chỉ giao HN và một số khu vực),,89,226
Điện thoại OPPO CPH2471 - A17k Xanh - Hàng Chính Hãng (chỉ giao HN và một số khu vực),,89,226
Điện thoại OPPO Reno10 5G (8GB/256GB) - Hàng Chính Hãng,5.0,116,226
Điện thoại OPPO Reno8 T 4G (8GB/256GB) - Hàng Chính Hãng,5.0,238,226
Điện thoại OPPO Reno8T 4G - Hàng chính hãng,,304,226
"Điện thoại OUKITEL WP16 (pin 10.600mAh,  Ram 8Gb,Rom 128Gb, màn hình 6,39 in , Android 11, Máy ảnh nhìn ban đêm 20MP, chống nước IP68,chống va đập, hai SIM 4G, NFC..) – hàng chính hãng",,150,226
"Điện thoại OUKITEL WP18 (Chống nước ,chống va đập, pin khủng 12500mAh, Ram 4GB ,Rom 32GB ,màn hình 5.93 inch,Điện thoại chắc chắn) – HÀNG CHÍNH HÃNG",5.0,248,226
Điện thoại OnePlus 10T 5G - Hàng Chính Hãng,,300,226
Điện thoại Oppo A17k (3GB/64GB) - Hàng chính hãng,,125,226
Điện thoại Oppo A18 - Hàng chính hãng,,364,226
Điện thoại Oppo A38 - Hàng chính hãng,,304,226
Điện thoại Oppo A57 (4GB/64GB) - Hàng chính hãng,,364,226
Điện thoại Oppo A58 (6GB/128GB) - Hàng chính hãng,,364,226
Điện thoại Oppo Reno8 T (8GB/256GB) - Hàng chính hãng,,144,226
"Điện thoại Oukitel  WP12 Pro (chống nước,chống va đập,RAM 8GB(Ram 4GB+ 4Gb),Rom 64 Gb,8 nhân)- hÀng chính hãng",5.0,264,226
"Điện thoại Oukitel WP19(chống sốc ,chống nước ,Pin 21000mAh ,Ram 8G ,Rom 256G ,Tầm nhìn ban đêm 64MP ,  Máy ảnh 90Hz ,Điện thoại Helio G95 )-hàng chính hãng",5.0,231,226
"Điện thoại Oukitel WP2 chống nước,chống va đập, pin 10.000 mAh - Hàng chính hãng",5.0,170,226
"Điện thoại Oukitel WP5 Pro (Ram4GB,Rom 64Gb,pin 8.000mAh ,chống va đập,chống nước) - hàng chính hãng",5.0,108,226
"Điện thoại Oukitel WP6 (Chống va đập,chống nước,Ram 6Gb,Rom 128Gb,pin 10.000mAh) - Hàng chính hãng",5.0,214,226
Điện thoại Panasonic KX-TGC313CX -Hàng chính hãng,,364,226
Điện thoại Panasonic KX-TS520MX - Trắng - Hàng chính hãng,4.0,221,226
Điện thoại Panasonic KX-TS520MX -Hàng chính hãng,,364,226
Điện thoại Panasonic KX-TS560MX -Hàng chính hãng,,264,226
Điện thoại Panasonic KX-TS820MX -Hàng chính hãng,5.0,238,226
Điện thoại Panasonic KX-TSC11MX -Hàng chính hãng,5.0,238,226
Điện thoại Realme 11 Pro (8GB/256GB) - Hàng chính hãng,5.0,221,226
Điện thoại Realme C11 2021 (4GB/64GB) - Hàng chính hãng,,364,226
Điện thoại Realme C25Y (4GB/128GB) - Hàng chính hãng,,229,226
Điện thoại Realme C51 (6GB/256GB) - Hàng Chính Hãng,5.0,102,226
Điện thoại Realme C55 (6GB/128GB) - Hàng chính hãng,5.0,24,226
Điện thoại Realme C55 6GB/128GB Vàng nắng mai - Hàng chính hãng,,203,226
Điện thoại Realme C55 6GB/128GB Đen trời đêm - Hàng chính hãng,,203,226
Điện thoại Samsung A05 4GB - hàng chính hãng,,304,226
Điện thoại Samsung Galaxy A03s (3GB/32GB) - Hàng chính hãng,,275,226
Điện thoại Samsung Galaxy A04 (3GB/32GB) - Đã kích hoạt bảo hành điện tử -  Hàng chính hãng,5.0,46,226
Điện thoại Samsung Galaxy A04e (3GB/32GB) - Hàng chính hãng,,304,226
Điện thoại Samsung Galaxy A04s (4GB/64BG) - Hàng chính hãng,,304,226
Điện thoại Samsung Galaxy A04s (4GB/64GB) - Hàng chính hãng,5.0,190,226
Điện thoại Samsung Galaxy A05 (4GB/128GB) - Hàng chính hãng ,5.0,231,226
Điện thoại Samsung Galaxy A05 (4GB/128GB) - Đã kích hoạt bảo hành điện tử - Hàng chính hãng,5.0,22,226
Điện thoại Samsung Galaxy A05 (4GB/128GB)- Helio G85 - Sạc nhanh 25W - Hàng chính hãng,,300,226
Điện thoại Samsung Galaxy A05s (4GB/128GB) - Hàng chính hãng,,364,226
Điện thoại Samsung Galaxy A05s (4GB/128GB) - Hàng chính hãng ,5.0,166,226
Điện thoại Samsung Galaxy A05s 4GB/128GB- Hàng Chính hãng,,304,226
Điện thoại Samsung Galaxy A14 5G (4GB/128GB) - Hàng chính hãng,5.0,282,226
Điện thoại Samsung Galaxy A14 5G A146P (4+128G) Đen - Hàng Chính Hãng (chỉ giao HN và một số khu vực),,89,226
Điện thoại Samsung Galaxy A15 LTE (8GB/128GB) - Hàng chính hãng,,304,226
Điện thoại Samsung Galaxy A23 5G 4GB/128GB Đen - Hàng chính hãng,,364,226
Điện thoại Samsung Galaxy A24 (6GB/128GB) - Hàng chính hãng - ĐÃ KÍCH HOẠT BẢO HÀNH ĐIỆN TỬ,,364,226
Điện thoại Samsung Galaxy A24 - Hàng chính hãng,,264,226
Điện thoại Samsung Galaxy A34 5G (8GB/128GB) - Hàng chính hãng,5.0,169,226
Điện thoại Samsung Galaxy A34 5G 8GB/128GB Bạc - Hàng chính hãng,,364,226
Điện thoại Samsung Galaxy A34 5G 8GB/128GB Xanh - Hàng chính hãng,,364,226
Điện thoại Samsung Galaxy A34 5G 8GB/128GB Đen - Hàng chính hãng,,364,226
Điện thoại Samsung Galaxy M14 5G (4GB/64GB) - Hàng chính hãng,5.0,214,226
Điện thoại Samsung Galaxy M14 5G (4GB/64GB) - Hàng chính hãng - Đã kích hoạt bảo hành điện tử,5.0,221,226
Điện thoại Samsung Galaxy M14 5G (6GB/128GB) - Đã kích hoạt bảo hành điện tử - Hàng chính hãng,5.0,60,226
Điện thoại Samsung Galaxy M34 5G (8GB/128GB) - Hàng chính hãng,,238,226
Điện thoại Samsung Galaxy S20 FE (8GB/256GB) - Hàng chính hãng,4.0,160,226
Điện thoại Samsung Galaxy S23 FE (8GB/128GB) - Hàng chính hãng,,364,226
Điện thoại Samsung Galaxy S23 Plus 256GB - Hàng chính hãng,,186,226
Điện thoại Samsung Galaxy S23 Ultra 1TB - Hàng chính hãng,,364,226
Điện thoại Samsung Galaxy S23 Ultra 256GB - Hàng chính hãng,,186,226
Điện thoại Samsung Galaxy S23 Ultra 8GB/256GB Xanh lục - Hàng chính hãng,,364,226
Điện thoại Samsung Galaxy Z Flip 5 - Hàng chính hãng,5.0,147,226
Điện thoại Samsung Galaxy Z Flip5 (8GB/512GB) - Hàng chính hãng,,300,226
Điện thoại Samsung Galaxy Z Fold 5 - Hàng chính hãng,5.0,160,226
Điện thoại TCL 408 (4GB/64GB) - Hàng Chính Hãng,5.0,214,226
Điện thoại TECNO Spark 6 Go (4GB/64GB) - Hàng chính hãng,4.0,248,226
Điện thoại Tecno CAMON 20 8GB/256GB - Camera 64MP + 32MP | 5000 mAh | Sạc nhanh 33W | 6.7'' FHD AMOLED - BH 13 Tháng - Hàng Chính Hãng,5.0,142,226
Điện thoại Tecno CAMON 20 Premier 5G - 8GB/512GB | Dimensity 8050| Cụm Camera 108+50+ 2MP | AMOLED - Tần số quét 120Hz - Hàng chính hãng,5.0,304,226
Điện thoại Tecno CAMON 20 Pro 8GB/256GB - Camera 64MP + 32MP | Helio G99 | 5000 mAh/ 33W | 6.7'' FHD AMOLED - Hàng Chính Hãng - BH 13 Tháng,5.0,113,226
Điện thoại Tecno POVA 5 (8+8)/128GB - MediaTek Helio G99 - Sạc nhanh 45W - 6.8'' FHD+120HZ - Hàng Chính Hãng - BH 13 Tháng,5.0,51,226
Điện thoại Tecno POVA 5 (8GB+8GB/128GB) RAM mở rộng 16GB | Pin 6000 mAh | Màn 120Hz - Sạc nhanh 45W - Hàng Chính Hãng			 				,,275,226
Điện thoại Tecno SPARK 10 4GB/128GB - Camera 50MP | 5000 mAh | Sạc nhanh 18W | Cảm ứng vân tay - Hàng chính hãng,5.0,116,226
Điện thoại Tecno SPARK 10 Pro 8GB/256GB - Helio G88 | 5000 mAh | Sạc nhanh 18W | Cảm ứng vân tay - Hàng chính hãng,5.0,111,226
"Điện thoại Tecno SPARK GO 2023 4GB/64GB - Helio A22 | 5000 mAh | 6,6"" HD+| Cảm ứng vân tay | Hàng chính hãng | Bảo hành chính hãng 13 tháng",5.0,97,226
Điện thoại Tecno Spark Go 2023 4GB/64GB - Hàng chính hãng ,5.0,104,226
"Điện thoại Ulefone Armor 13 (pin khủng,pin 13.200mAh, Ram 8Gb,Rom 256Gb,chống sốc,chống va đập,nội soi,tia hồng ngoại,tia lade,loa to,học online)- hàng chính hãng",,364,226
"Điện thoại Ulefone Power Armor 19T (Camera chụp ảnh nhiệt FLIR , RAM 17GB + ROM 256GB , Helio G99,sạc nhanh 66W,pin 9600mAh,chống nước,chống sốc)-hàng chính hãng",,304,226
"Điện thoại Ulefone armor 22(chống nước,chống va đập, Màn hình giọt nước 6,58 inch, RAM:8GB,Rom 128GB/256GB,Thẻ nhớ microSD Lên đến 512GB, Camera kép 64MP + 64MP)- hàng chính hãng",,155,226
Điện thoại Vivo Y33s (8GB/128GB) - Hàng chính hãng,5.0,248,226
Điện thoại VoIP Yealink SIP-T30,,264,226
Điện thoại VoIP Yealink SIP-T30 - Hàng Chính Hãng,,264,226
Điện thoại Xiaomi 13 Lite (8GB/256GB) - Hàng chính hãng,,203,226
Điện thoại Xiaomi 13T 12GB-256GB - Hàng Chính Hãng,,304,226
Điện thoại Xiaomi POCO C65 (6GB/128GB) - Helio G85 - Màn 90HZ - Hàng chính hãng,,304,226
Điện thoại Xiaomi Poco C65 - Hàng chính hãng,,304,226
Điện thoại Xiaomi REDMI 9A (2+32) Xanh dương - Hàng chính hãng (chỉ giao HN và một số khu vực),,304,226
Điện thoại Xiaomi Redmi 10 2022 (4GB/128GB) - Hàng chính hãng,5.0,62,226
Điện thoại Xiaomi Redmi 10A (2GB/32GB) - Hàng chính hãng,5.0,264,226
Điện thoại Xiaomi Redmi 12 (4GB-128GB) - Hàng Chính Hãng,,364,226
"Điện thoại Xiaomi Redmi 12 (4GB/128GB) , Helio G88 , Màn 90HZ - Hàng chính hãng",,304,226
"Điện thoại Xiaomi Redmi 12 (8GB/128GB) , Helio G88 , Màn 90HZ - Hàng chính hãng",,304,226
Điện thoại Xiaomi Redmi 12 8GB/128GB - Hàng Chính Hãng,,364,226
Điện thoại Xiaomi Redmi 12C (3GB/32GB) - Hàng chính hãng,5.0,28,226
Điện thoại Xiaomi Redmi 12C (4GB/64GB) - Hàng chính hãng,5.0,282,226
Điện thoại Xiaomi Redmi 13C (4GB/128GB) - Hàng chính hãng - Bảo hành 18 tháng,,364,226
"Điện thoại Xiaomi Redmi 13C (6+128GB) | 6.74"" 90Hz| Media Tek Helio G85| 5000mAh - Hàng chính hãng",,364,226
Điện thoại Xiaomi Redmi 13C (6GB/128GB) - Hàng chính hãng,5.0,37,226
Điện thoại Xiaomi Redmi 13C (6GB/128GB) - Hàng chính hãng - Bảo hành 18 tháng,5.0,282,226
Điện thoại Xiaomi Redmi 9A (2GB/32GB) - Hàng chính hãng,5.0,3,226
Điện thoại Xiaomi Redmi 9A - Hàng chính hãng,,150,226
"Điện thoại Xiaomi Redmi 9A 2GB/32GB - Chip MediaTek Helio G25 8 nhân (12 nm), Màn hình 6.53"" HD+, Camera 13MP, Pin 5000 - Hàng Chính Hãng",,206,226
Điện thoại Xiaomi Redmi 9A 2GB/32GB Xám - Hàng chính hãng,5.0,304,226
Điện thoại Xiaomi Redmi A2 (2GB/32GB) - Hàng chính hãng,,304,226
"Điện thoại Xiaomi Redmi A2 MediaTek Helio G36 , Pin 5000 mAh - Hàng chính hãng",,304,226
Điện thoại Xiaomi Redmi Note 10 JE 5G 4GB/64GB - Màn 90HZ - Chống Nước IP68 - Hàng Nhập Khẩu - Bản quốc tế,5.0,35,226
Điện thoại Xiaomi Redmi Note 10T 5G 4GB/64GB - Màn 90HZ - Chống Nước IP68 - Hàng Nhập Khẩu - Bản quốc tế,5.0,53,226
Điện thoại Xiaomi Redmi Note 12 (4GB/128GB) - Hàng chính hãng,5.0,23,226
"Điện thoại Xiaomi Redmi Note 12 (4GB/128GB) Màn AMOLED 120HZ, Snapdragon 685 , Sạc 33W - Hàng chính hãng",5.0,248,226
Điện thoại Xiaomi Redmi Note 12 (8GB/128GB) - Hàng chính hãng,5.0,9,226
Điện thoại Xiaomi Redmi Note 12 Pro (8GB/256GB) - Hàng chính hãng,5.0,304,226
Điện thoại Xiaomi Redmi Note 12 Pro 5G (8GB/256GB) - Hàng chính hãng,,364,226
Điện thoại Xiaomi Redmi Note 12 Pro 5G (8GB/256GB) - Hàng chính hãng ,5.0,55,226
Điện thoại Xiaomi Redmi Note 13 (6GB/128GB) - Hàng chính hãng,5.0,39,226
Điện thoại Xiaomi Redmi Note 13 Pro (8GB/128GB) - Hàng Chính Hãng,,304,226
Điện thoại Xiaomi Redmi Note 13 Pro 4G (8GB/128GB) - Hàng chính hãng,,304,226
Điện thoại Xiaomi Redmi Note 13 pro (8GB - 128GB) hàng chính hãng - Bảo hành 18 tháng,,304,226
"Điện thoại ZTE Blade A52 4GB l 64GB, Pin 5000mAh, Màn hình 6.52"", Camera AI Triple - Hàng chính hãng",,364,226
"Điện thoại ZTE Blade V40 Vita (ZTE 8045) - MH giọt nước HD+ 6.75"" - Pin 6000 mAh sạc nhanh 22.5W -  Bộ nhớ mở rộng (4+2)GB - Hàng chính hãng",,364,226
"Điện thoại ZTE Libero 5G IV - 4GB/128GB Dimensity 700 , Kháng nước IP67 , Sạc nhanh 22,5W - Mới nguyên seal - Hàng nhập khẩu",5.0,304,226
Điện thoại bàn DECT không dây Yealink W73H có chân đế - Hàng chính hãng,,89,226
Điện thoại bàn Ktel 645 hàng chính hãng,5.0,68,226
Điện thoại bàn Panasonic  KX-TS500MX-hàng chính hãng,5.0,10,226
Điện thoại bàn Panasonic KX-TGC312 hàng chính hãng,5.0,109,226
Điện thoại bàn Panasonic KX-TGC313 hàng chính hãng,5.0,174,226
Điện thoại bàn Panasonic KX-TGF320 hàng chính hãng,5.0,116,226
Điện thoại bàn Panasonic KX-TS560 hàng chính hãng,5.0,70,226
Điện thoại bàn Panasonic KX-TS580 hàng chính hãng,5.0,120,226
Điện thoại bàn Panasonic KX-TS880 hàng chính hãng,5.0,74,226
Điện thoại bàn Panasonic KX-TSC11 hàng chính hãng,5.0,29,226
Điện thoại bàn có dây Panasonic KX-TS560MX - Hàng chính hãng,5.0,123,226
Điện thoại bàn có dây nhỏ gọn màu trắng,5.0,58,226
"Điện thoại bàn cố định không dây lắp các loại Sim Di động, Cố định (Viettel, Vinaphone, Mobifone...)",5.0,153,226
Điện thoại bàn cổ điển DT115,,259,226
Điện thoại bàn cổ điển DT40,,304,226
"Điện thoại bàn cổ điển, điện thoại bàn tân cổ điển, DT122",5.0,231,226
Điện thoại bàn không dây Panasonic KX-TGB110-Hàng Chính Hãng,5.0,98,226
Điện thoại bàn không dây Panasonic KX-TGC313 - Hàng Chính Hãng,5.0,184,226
Điện thoại bàn không dây Panasonic KX-TGD312 - Hàng Chính Hãng,5.0,149,226
Điện thoại bàn không dây Panasonic KX-TGF310 - Hàng Chính Hãng,5.0,80,226
Điện thoại bàn không dây Panasonic KX-TGF320 - Hàng Chính Hãng,5.0,103,226
Điện thoại bàn treo tường TC990,5.0,127,226
Điện thoại chắc chắn Ulefone Power Armor 18T Ultra (chụp ảnh nhiệt Camera FLIR5G 512GB ROM +24GB RAM)- hàng chính hãng,,304,226
Điện thoại cố định Panasonic KX-TS520MX ( màu đen)-Hàng chính hãng,,364,226
"Điện thoại cố định không dây cho người già, màn hình hiển thị đầu số - Hàng chính hãng",5.0,121,226
Điện thoại di động Forme N82 4G - Hàng chính hãng,,364,226
Điện thoại di động Forme Q8 (4G) - Hàng chính hãng,,94,226
Điện thoại di động Mobell M331 - Hàng chính hãng,,184,226
Điện thoại di động Nokia 105 4G - Hàng chính hãng,,364,226
Điện thoại di động Samsung A24 (6G/128G) - Hàng chính hãng - Đã kích hoạt bảo hành điện tử,,364,226
Điện thoại di động Vtel E10 4G – Hàng Chính Hãng,5.0,20,226
Điện thoại hiệu Masstel Fami 60 - Hàng chính hãng - Giá rẻ - hỗ trợ 4G - dành cho người lớn tuổi,5.0,304,226
Điện thoại itel it9200 4G - WIFI - Hàng chính hãng,5.0,33,226
Điện thoại không dây IP 622CW ,,364,226
Điện thoại không dây Panasonic KX-TGC212 - Hàng Chính Hãng,5.0,110,226
"Điện thoại người già IPRO F183 4G , Gọi HD Call , Có SOS , 2 sim 2 sóng - Hàng chính hãng",,304,226
"Điện thoại oukitel wp23 ( chống nước,chống va đập,pin 10600mAh,Ram 4Gb.Rom 64Gb,màn hình 6.52 inch,mạng 2,3,4G,Android 13 )-hàng chính hãng",,304,226
"Điện thoại siêu bền Oukitel WP33 Pro 5G (Loa to 136 dB (5W) ,Pin 22000mAh,màn hình 6,6 inch FHD+,Ram 24GB(8+16),Rom 256GB, Camera 64MP,sạc nhanh 33W)- hàng chính hãng",,364,226
"Điện thoại smartphone Masstel Hapi 15 (2GB/16GB) - 2 Sim, Tặng kèm ốp lưng - Hàng chính hãng - Bảo hành chính hãng",,364,226
"Điện thoại thông minh itel A26  2 Sim 2 Sóng 4G LTE - Màn hình IPS 5.7"" - RAM 2GB + ROM 32 GB - Mở khoá bằng Gương Mặt -  Hàng chính hãng ",5.0,130,226
"Điện thoại tân cổ điển để bàn mã DT4 màu trắng kết hợp vàng, chuông thanh bàn phím quay, dùng sim di động nghe gọi âm thanh tốt và để trang trí (Điện thoại bàn tân cổ điển)",5.0,214,226
Điện thoại vivo Y22s (8GB - 128GB) - Hàng Chính Hãng,5.0,194,226
Điện thoại để bàn Panasonic KX TSC11MX hàng chính hãng,5.0,43,226
Điện thoại để bàn Panasonic KX-TS560 hàng chính hãng,5.0,141,226
Điện thoại để bàn Panasonic KX-TS880 hàng chính hãng,5.0,85,2
Điện thoại để bàn tân cổ điển chuông thanh bàn phím quay mã DT10 dùng sim di động hoặc dùng cáp nghe gọi âm thanh rõ ràng và để trang trí (điện thoại bàn tân cổ điển),5.0,191,226
Điện thoại để bàn tân cổ điển phím quay DT11,,364,226
Điện thoại để bàn tân cổ điển phím quay DT15,3.0,248,226
điện thoại  IP622C - hàng chính hãng,,364,226
điện thoại Nokia 110 4G Pro -Kiểu dáng bền bỉ - hiển thị rõ nét- Hàng chính hãng,,248,226
